<?xml version="1.0" encoding="UTF-8"?>
<project-private xmlns="http://www.netbeans.org/ns/project-private/1">
    <editor-bookmarks xmlns="http://www.netbeans.org/ns/editor-bookmarks/2" lastBookmarkId="0"/>
    <open-files xmlns="http://www.netbeans.org/ns/projectui-open-files/2">
        <group>
            <file>file:/C:/Users/Rishi/OneDrive/Documents/NetBeansProjects/Quiz%20or%20Exam%20Management%20System/src/index.java</file>
            <file>file:/C:/Users/Rishi/OneDrive/Documents/NetBeansProjects/Quiz%20or%20Exam%20Management%20System/src/quiz/or/exam/management/system/QuizOrExamManagementSystem.java</file>
            <file>file:/C:/Users/Rishi/OneDrive/Documents/NetBeansProjects/Quiz%20or%20Exam%20Management%20System/src/quizExamStudent.java</file>
            <file>file:/C:/Users/Rishi/OneDrive/Documents/NetBeansProjects/Quiz%20or%20Exam%20Management%20System/src/studentDetails.java</file>
        </group>
    </open-files>
</project-private>
